a,b,r,theta,p,i,d
1,0.6,1,0.0564,0.9339800459353429,0.0239988639056218,0
1,0.6,2,0.1129,0.07688754213343359,0,0.19283169244135753
1,0.6,3,0.1698,0.06984462976520961,0,0.15930768922547242
2,0.6,1,0.0564,0,0.038447033416534916,0.15908294399242046
2,0.6,2,0.1129,0.2666471547291202,0.3638556498821898,0.28875528265056016
2,0.6,3,0.1698,0.07247532254006629,0,0.11439360730751248
3,0.6,1,0.0564,0.03344067436841209,0,0.10657362092129136
3,0.6,2,0.1129,0.031931569774358626,0.030275996162123828,0.2610427321729461
3,0.6,3,0.1698,0.17762212335102184,0,0.5097242791529105
